{
    "bias_initial_std_dev": 0.05000000074505806,
    "bias_mutation_factor": 0.07000000029802323,
    "bias_mutation_chance": 0.699999988079071,
    "bias_hard_mutation_factor": 0.20000000298023225,
    "bias_hard_mutation_chance": 0.20000000298023225,
    "weight_initial_std_dev": 0.05000000074505806,
    "weight_mutation_factor": 0.07000000029802323,
    "weight_mutation_chance": 0.699999988079071,
    "weight_hard_mutation_factor": 0.20000000298023225,
    "weight_hard_mutation_chance": 0.20000000298023225,
    "activation_mutation_chance": 0.30000001192092898,
    "extra_synapse_connection_chance": 0.5,
    "neuron_creation_chance": 0.10000000149011612,
    "synapse_destruction_chance": 0.10000000149011612,
    "conservative_gc_chance": 0.0,
    "aggressive_gc_chance": 0.0,
    "round_survivors": 10
}